157517826,642971803,Adele Bradtke,Howell Crest,Walkerhaven,Colorado,(127)599-9329x2016,1971-01-22
192663716,903295408,Cole Willms,Kyra Route,North Makaylaton,Missouri,735.082.4756,1998-08-04
215206923,554645595,Audrey Hane,Adolf Green,Sethmouth,NewHampshire,1-905-975-3683,1972-12-01
230707861,290043203,Irving Pollich DVM,Verdie Island,West Jaydenstad,Arizona,(663)702-1509,1971-09-15
244780238,775835700,Paula Baumbach,Hattie Tunnel,Erickbury,Idaho,(552)220-9707,1973-12-11
279917282,530877136,Miss Vivian Thompson V,Ferry Heights,South Clarkberg,Michigan,691.094.2446x4813,1983-09-06
313227544,286656108,Jose Kohler,Willow Oval,Leoneview,Kansas,(574)819-7498x0025,2000-02-03
361673549,710944420,Kadin Gottlieb,Rosenbaum Spur,Schmidtbury,Missouri,884.563.8897x138,1977-09-01
372542275,593451490,Barry Padberg,Kara Summit,Port Kristoffermouth,Washington,912.183.2001,2008-10-27
385859077,660039522,Nannie Anderson,Laury Vista,Hirthemouth,Oklahoma,201-152-6274,2019-02-21
450451725,145116015,Kayleigh McCullough,Carolina Trail,Faheyview,California,(137)357-6323x2945,1978-12-19
451707345,788409860,Dr. Jerel Bogisich,Barton Run,Lake Bartonshire,Virginia,046.006.3907,1974-11-08
463624885,855546659,Prof. Destinee Hermiston II,Schoen Hollow,South Emmie,Delaware,584-662-8995,1996-10-02
491279990,440903012,Virgil Carroll,Nikolaus Parkway,DuBuquefurt,Maine,(048)540-1892x1539,2006-07-13
491809237,170248088,Prof. Lauriane Conroy,Daphney Roads,North Jamarcusview,Texas,943.938.8131x78250,1992-10-30
542140742,274182254,Mrs. Alvina Pouros,Arianna Mills,Port Alia,Montana,649.038.5213x676,2006-02-07
581623263,649090933,Grady Tremblay,Jordon Meadows,Fredrickmouth,Texas,(838)712-3529,1971-09-20
616874098,132363702,Tanya Rowe DDS,Krystina Gardens,Wuckertville,Montana,(814)019-0188x872,1990-03-13
657403698,678347496,Miss Rachelle Prohaska,Dietrich Streets,Lake Elwyn,Michigan,305.646.9197,2005-02-26
668658661,538356579,Ms. Kayli VonRueden,Green Light,Auerview,SouthDakota,030-595-0226x602,1992-07-25
676624865,799944950,Dr. Cassie Miller,Schinner Fords,Jerdetown,Florida,237.315.8079,2001-11-26
676843175,866684205,Dallas Hauck,Graham Underpass,New Abrahamfort,Washington,706-960-6958x095,1997-11-09
715864759,667977397,Mr. Jaron Erdman,O'Hara Mission,East Ashlyhaven,Missouri,724-667-9391x9695,1974-07-13
735819094,251934063,Pamela Rutherford,Kessler Center,Eugeniamouth,WestVirginia,332.109.3555,1970-01-29
773820322,420063847,Dr. Jovani Auer II,Upton Path,Martachester,Tennessee,(732)281-6416,1999-06-05
782459522,842393951,Mr. Jerel Schulist Jr.,Kling Lodge,Macieport,Florida,957-981-6285x135,1988-11-20
798608085,797199324,Zaria Jakubowski,Maymie Key,Millerbury,Hawaii,432.676.6605x9870,1982-08-12
804267185,181744625,Jessyca Cartwright,Sauer Spurs,Delilahborough,Maryland,+88(2)1615909821,1990-04-01
890569825,960748940,Tanner Feeney II,Hoppe Walk,Langport,Iowa,502-432-7226,1984-03-29
937626259,709530208,Ms. Emilia Lindgren,Kelly Harbors,Fishertown,Texas,(932)639-0767,1972-02-04
