12228,62753,et,Smitham Spur,Armstrongfort,Nebraska,40582,(357)306-1788
14400,38728,veritatis,Breitenberg View,New Velda,District of Columbia,69766,(194)050-9506
16284,93065,molestiae,Yost Burgs,Kennithstad,Kansas,85437,1-343-843-1961x946
17299,73351,expedita,Constantin Glen,Cotyview,NorthCarolina,35166,557.311.2819x54196
31027,99383,facere,Windler Square,Lake Jaylin,Idaho,35656,466-651-7945
34019,48736,officia,Collins Parks,Port Letitiafurt,SouthCarolina,13304,725-013-5701x475
37843,68603,omnis,Mayer Plaza,Rosaton,Maryland,27267,719-337-5002x2662
39413,93475,voluptatibus,Vicente Crossroad,Ellismouth,Wisconsin,44374,(889)878-9844x87705
39804,83106,modi,Josiah Fall,Vivianefurt,WestVirginia,69418,326-248-5399x2664
41900,62323,suscipit,Scarlett Spurs,West Betsyview,RhodeIsland,86570,252.689.2651x65131
45728,56003,labore,Koelpin Stravenue,South Morton,Illinois,60035,06740088495
47561,15720,a,Gorczany Lodge,Melynaville,Hawaii,40711,333-511-9196
50771,17078,dicta,Auer Forest,South Brockshire,Alaska,42757,(509)001-6158x7121
52187,63797,pariatur,Schulist Junctions,New Cullenport,NewYork,40551,(524)258-4261x4352
53295,63224,temporibus,Annetta Lake,East Blaise,Missouri,48629,+21(1)2857381373
55878,22090,accusantium,Allen Throughway,Lake Dorothea,Louisiana,10026,1-883-792-8862x35761
56130,55351,praesentium,Kyla Stream,Lake Garrick,California,28595,07203441108
61745,84435,quis,Jakubowski Stravenue,Jalynville,SouthCarolina,15804,+45(1)9859900169
72784,19015,aut,Torrance Mission,East Americo,Nevada,16779,1-611-813-9977
76147,47994,delectus,Hoeger Plain,Spinkamouth,Montana,53513,594-628-2898x974
76861,10584,reiciendis,Mose Turnpike,Cartwrightland,District of Columbia,97015,018-788-0168x58486
78347,80580,perferendis,Gulgowski Throughway,Shanellestad,District of Columbia,95782,1-265-876-2515x2309
79618,67253,voluptate,Williamson Ville,New Graham,Wyoming,36031,1-836-256-2715
80032,19435,animi,Valentina Station,West Clementborough,Pennsylvania,36862,+44(9)1672225450
80611,60723,itaque,Reece Divide,Port Dallinton,NewYork,70472,896.655.3806x075
87928,90174,non,Dickens Ramp,Lake Arlene,Maryland,70756,+39(0)4869862784
89250,18404,ea,Opal Isle,Boscoport,Arizona,89473,1-485-386-2260
95840,72119,cumque,Kihn Shoal,North Mozellmouth,NewMexico,64587,(585)042-1063
95899,13272,sit,Hyatt River,Ratkemouth,Louisiana,53723,226-781-7666x74791
96438,68546,vero,Skye Estate,North Talon,Maine,84579,901.542.8723x046
