12004,Omnis est voluptatem perspicia
12043,Sit ut autem distinctio.
13702,Eum nesciunt et veniam quasi o
19342,Et enim fugit asperiores ipsum
28351,Voluptatem consequatur maiores
30233,Iusto est rerum voluptatum qui
31552,Minima mollitia sapiente asper
31829,Eum perspiciatis nam natus ess
35149,Veritatis dolores nesciunt eos
35361,Exercitationem reiciendis labo
38329,Et adipisci illo atque iure cu
42615,Rerum et expedita eligendi ani
43697,Temporibus iusto tempora exerc
47740,Ab sint adipisci enim ab.
53804,Quia pariatur sunt blanditiis
60855,Quam exercitationem omnis aliq
61454,Unde illo omnis pariatur volup
66533,Fuga ut reprehenderit quis err
66658,Quia voluptatibus voluptatibus
66769,Reiciendis recusandae voluptat
67205,Sit et libero voluptates alias
67503,Quae optio repudiandae dolore
72109,Soluta ea est quidem nostrum c
74040,Quis ut debitis voluptas sed i
78589,Quis laudantium commodi numqua
79797,Qui iusto aut qui voluptas exe
81389,Qui delectus esse repellat mod
81954,Reprehenderit maxime ipsum et
89239,Id et dolorum officia blanditi
92668,Quibusdam iure quidem illum do
