1197854,Aut quod qui aut ullam.,commodi,Est voluptas ratione occaecati,Dr. Jerel Smith IV,2,recusandae
1255181,Sit officiis dolorem soluta re,id,Mollitia quidem consequatur co,Prof. Alec Labadie,2,magni
1608795,Est ut reprehenderit earum.,voluptatem,Itaque quis modi rerum magni q,Amalia Runolfsson,4,repudiandae
1783075,Iure fugiat ut error repellat,et,Quas itaque voluptas et.,Francis Block Jr.,5,ab
1922246,Itaque eos quia officia facili,aspernatur,Neque blanditiis omnis corrupt,Ashly Adams I,1,magnam
2115976,Occaecati velit est omnis aute,ut,Et id maiores laboriosam ipsa,Miss Lavada Zieme II,1,numquam
2520328,Corrupti illum qui qui exercit,amet,Consectetur dignissimos ut odi,Joseph Ullrich,5,sapiente
2648420,Sint aut qui dolores quod aspe,ea,Ipsa id esse soluta sit quo as,Maude Zulauf,4,consequatur
2864794,Qui assumenda magni rerum arch,corrupti,Iste dolorum odit consequuntur,Cielo Heidenreich,4,rerum
3406629,Et neque ullam sunt eos in.,sed,Et reiciendis repellendus labo,Horace Feest,1,et
3489379,Laudantium aliquid facilis bea,inventore,Sint facilis nulla a laudantiu,Nikolas Marks,5,est
3521691,Non itaque non cupiditate.,eaque,Nemo aut at qui laboriosam eos,Prof. Dorian Larkin,4,sint
3764013,Veritatis nihil vitae quis cor,repellendus,Deserunt quia sed et perspicia,Kira Kling DVM,2,inventore
3777831,Fugiat voluptas est aliquid vo,nihil,Consequuntur id quae deleniti,Chaim Keebler,1,sint
3906798,Est sit aliquam commodi quis s,et,Et perferendis consectetur sed,Mrs. Aurelia Goyette DDS,4,quia
4083532,Eligendi et repellat deleniti,dolor,Accusamus et voluptates volupt,Ms. Shanny Hodkiewicz,5,et
4366344,Tenetur mollitia voluptatem qu,animi,Et saepe provident dolorum off,Mabel Huels,1,harum
4721758,Molestias iste provident vero,et,Explicabo omnis ipsa nobis ali,Raul Padberg,3,quae
4724106,Beatae voluptas fugit dolores,ullam,Provident odio alias quia nam,Ernie Swaniawski III,1,quo
5154921,Exercitationem aut et eligendi,eveniet,Odio quidem quaerat quia vero.,Prof. Shawn Dooley DDS,1,laboriosam
5198994,Mollitia voluptate similique e,impedit,Ex ut facilis quo culpa labori,Prof. Adelbert Bergnaum PhD,5,omnis
6334225,Sit minima cupiditate velit no,at,Aspernatur cupiditate corrupti,Prof. Stone Predovic,4,et
6760823,Quia quasi asperiores consequa,non,Consequatur rerum rerum id eaq,Johan Littel III,2,dicta
7078042,Qui vel et quis at.,eos,Doloremque autem similique sun,Dr. Tiffany Stracke,4,deserunt
7576194,Quis neque vel excepturi aperi,placeat,Voluptate dolore et est quis c,Wilbert Brown II,5,temporibus
8086188,Expedita ut numquam officiis d,amet,Esse sunt sint qui possimus.,Brandyn Predovic,5,placeat
8388375,Natus quo est sunt minus ut.,accusantium,Qui rem quos occaecati ut hic,Abigayle Legros III,1,tempore
9693193,Autem dicta quia architecto si,minus,A sunt cum vel quia voluptatum,Christy Hilll IV,1,sed
9846806,Quibusdam quisquam non ut atqu,at,Excepturi et ducimus similique,Anna Lynch,4,error
9858857,Aut et fugit et.,sunt,Saepe odio est ullam iste ut.,Eloy Gusikowski,4,unde
