1080579,Grant Corkery,Harber Courts,Melynaton,Oregon,53047,1-246-486-5698
1204562,Justyn Thompson IV,Deja Islands,UpTown,Alaska,81416,(587)697-4503x6147
2088139,Lauren Hartmann DDS,Earnestine Spur,Lake Adaline,Minnesota,14737,(040)008-0878x9415
2480418,Mrs. Kitty Stamm PhD,O'Kon Ways,Lake Brennahaven,Kentucky,12571,(843)167-9293x0214
2637167,Meggie Pagac DDS,Vivian View,Waelchimouth,Alabama,67355,175-848-3621
3445368,Meghan Will,Dayana Knolls,Kadenburgh,Indiana,37417,150.771.4462x592
3516574,Dr. Deon Lehner V,Giovanni View,Alvinabury,Oregon,16361,+90(4)1023145341
3635739,Major Murazik,Wilbert Flats,UpTown,Colorado,12280,1-805-281-8068x80911
3942645,Vito Weber,Feest Skyway,Vedamouth,Texas,97837,849.459.4395x43194
4242321,Dulce Schmidt,Cora Street,Margarettefort,Ohio,61008,1-696-778-0384
4424427,Elliott Kuphal,Rogahn Lodge,New Abbieton,Arkansas,97691,785-385-4215x80570
4734018,Hettie Larson DVM,Kendall Extension,East Vestamouth,RhodeIsland,31723,028-041-6615x690
4761651,Valentine Nader,Marquardt Trace,Cristianfurt,Wisconsin,52323,(274)384-9516
4786951,Prof. Russell Dickens MD,Casper Orchard,Haleyville,Utah,88775,(286)990-1279x11424
5662241,Domenic Lesch,Ward Path,South Elian,Texas,33550,012.957.7009x74065
5740903,Oscar Torp,Jammie Inlet,UpTown,Colorado,69922,177-090-6625x45851
6693530,Okey Bode,Alf Trafficway,East Omer,Wyoming,36203,(285)790-1887
6702070,Dr. Sylvia Grant Sr.,Isabell Crossing,Bernadetteborough,Pennsylvania,45412,04277334879
7270877,Lauren Mayer Sr.,Frami Overpass,New Rutheport,Indiana,56054,1-077-927-1089x4288
7443489,Everardo Ankunding,Shields Villages,Port Joe,Connecticut,89618,235-560-8950
7721780,Prof. Arch Braun III,Deja Spurs,South Winifredside,SouthCarolina,86779,524-983-2474x495
7875064,Elvera Lemke,Colleen Springs,Arjuntown,Massachusetts,38813,1-848-971-2986x229
8102123,Cyrus Raynor,Morar Prairie,Coleberg,Arizona,13920,1-386-299-5922
8269004,Myra Stamm,Hilpert Field,UpTown,Colorado,74232,995.294.3104x78521
8381797,Donnell Hodkiewicz,Berge Stravenue,East Adella,Massachusetts,96583,01719694366
8540669,Mckenzie Hessel,Jaleel View,Pfefferton,Virginia,78925,252.055.4011x33412
8546671,Jacynthe Howell Jr.,Kaley Drive,Smithamton,WestVirginia,66791,682.392.1943x98511
8672729,Carli Bruen,Jesus Passage,North Andreannehaven,Alabama,75313,06257008339
9058485,Queenie Bartell,Ewell Forks,Jannieton,NorthDakota,77087,+34(1)8783040962
9138700,Lindsey Haag,Romaguera Radial,UpTown,NewJersey,55790,06583530533
