10584,eum,Simonisshire,Kansas,82964,(377)118-4583x73860
13272,nihil,East Tracybury,Texas,43431,(873)973-3136
15720,quibusdam,Port Medabury,Texas,51464,08312811384
17078,maxime,West Cheyenne,SouthCarolina,33420,+57(5)5910604691
18404,maxime,South Trevionview,Arizona,78913,426-848-5544x48858
19015,possimus,New Cordieville,Nevada,22318,896-737-2377x03583
19435,fugit,Elmorechester,Washington,29674,07341188190
22090,eum,Vernonmouth,Pennsylvania,76800,1-987-836-1506x8546
38728,impedit,New Natton,Virginia,61171,838-261-1573
47994,aut,East Edyth,SouthCarolina,91157,(450)267-3362x6085
48736,omnis,Lindgrenshire,Utah,47439,1-415-164-7089x3130
55351,possimus,Leschshire,Montana,30806,(257)714-9827
56003,dolores,East Sincere,Delaware,20702,(150)480-3885x455
60723,vitae,Konopelskihaven,NewMexico,10654,537.099.1639x11272
62323,sed,New Alexandrechester,Kentucky,67451,842-751-9960x8211
62753,aliquid,East Aglae,Washington,41895,(264)952-5093
63224,nemo,Hoytshire,NewJersey,58656,(093)918-2400x104
63797,harum,Kaceymouth,Arizona,44851,(747)094-6079x1312
67253,ut,Christiansenchester,NewJersey,63582,(707)018-8231x13352
68546,nobis,Deeville,Kansas,86555,07428737109
68603,corrupti,Port Marcelview,Wisconsin,83264,1-255-823-4245
72119,vero,Edgardotown,Maine,43624,852-791-1567x96426
73351,unde,West Loyshire,Connecticut,33390,07654689963
80580,consequuntur,North Rubyeton,Maine,44172,1-079-987-1602
83106,aspernatur,Thielmouth,Ohio,45055,158-592-4392x33746
84435,libero,Keanufurt,Idaho,96582,(557)846-4998x2820
90174,impedit,West Lorenzland,Utah,33756,963-221-9230x3886
93065,rem,Lake Stephania,Wyoming,67799,057.167.5846x293
93475,similique,Lakinhaven,Idaho,23833,539.848.6528
99383,voluptate,Emiemouth,Arizona,66174,679.963.9006x090
