12004,Et quis minus possimus est.
12043,Nobis sapiente voluptatem poss
13702,Impedit fuga pariatur labore a
19342,Laudantium modi molestiae aliq
28351,Beatae ea molestias praesentiu
30233,Ipsam quas reprehenderit in si
31552,Minus repudiandae qui sed perf
31829,Iste cum dolores est voluptate
35149,Non enim nisi velit eligendi.
35361,Eum deleniti fugiat incidunt.
38329,Fugit eos ipsum at.
42615,Culpa vitae ullam omnis.
43697,In adipisci magnam culpa volup
47740,Quisquam voluptas voluptas qui
53804,Aperiam soluta eveniet qui et
60855,Amet similique at odio.
61454,Sint qui nisi quas est magnam
66533,Dolore est vitae omnis repudia
66658,Aut voluptates ab magnam sint
66769,Accusamus quaerat eligendi et
67205,Ut sed rerum velit vero repreh
67503,Similique ut quis aliquam atqu
72109,Omnis quia repellendus at temp
74040,Est et omnis suscipit cum aut
78589,Dolores ab et libero natus imp
79797,Ut doloribus et soluta corpori
81389,Quae laboriosam ut distinctio
81954,Ut aut placeat dolor ut totam.
89239,Quos quibusdam fugiat saepe.
92668,Qui cum dolorum ea voluptas ut
